{"name":"072fe41b-0b28-4141-be3f-b1294aa1767c","id":"/providers/Microsoft.Flow/flows/072fe41b-0b28-4141-be3f-b1294aa1767c","type":"Microsoft.Flow/flows","properties":{"apiId":"/providers/Microsoft.PowerApps/apis/shared_logicflows","displayName":"When a file is created in a folder -> Copy file","definition":{"metadata":{"workflowEntityId":null,"flowclientsuspensionreason":"None","flowclientsuspensiontime":null,"creator":{"id":"9994ad7b-b9ee-4505-9058-6bf58e9108eb","type":"User","tenantId":"0fe89b50-008a-4818-bbdf-263cdac6a5cb"},"provisioningMethod":"FromDefinition","failureAlertSubscription":true,"clientLastModifiedTime":"2020-11-19T10:50:26.5895044Z"},"$schema":"https://schema.management.azure.com/providers/Microsoft.Logic/schemas/2016-06-01/workflowdefinition.json#","contentVersion":"1.0.0.0","parameters":{"$connections":{"defaultValue":{},"type":"Object"},"$authentication":{"defaultValue":{},"type":"SecureObject"}},"triggers":{"When_a_file_is_created_in_a_folder":{"recurrence":{"frequency":"Minute","interval":1},"metadata":{"%252fShared%2bDocuments1":"/Shared Documents1"},"type":"OpenApiConnection","inputs":{"host":{"apiId":"/providers/Microsoft.PowerApps/apis/shared_sharepointonline","connectionName":"shared_sharepointonline","operationId":"OnNewFile"},"parameters":{"dataset":"https://techalfademo.sharepoint.com/sites/alfademohr","folderId":"%252fShared%2bDocuments1","inferContentType":true},"authentication":"@parameters('$authentication')"}}},"actions":{"Copy_file_Deckhouse_1":{"runAfter":{},"type":"OpenApiConnection","inputs":{"host":{"apiId":"/providers/Microsoft.PowerApps/apis/shared_sharepointonline","connectionName":"shared_sharepointonline","operationId":"CopyFileAsync"},"parameters":{"dataset":"https://techalfademo.sharepoint.com/sites/alfademohr","parameters/sourceFileId":"@triggerOutputs()?['headers/x-ms-file-id']","parameters/destinationDataset":"https://techalfademo.sharepoint.com/sites/DeckhousePartner1","parameters/destinationFolderPath":"/ReadOnly Library","parameters/nameConflictBehavior":1},"authentication":"@parameters('$authentication')"}},"Copy_file_Deckhouse_2":{"runAfter":{},"type":"OpenApiConnection","inputs":{"host":{"apiId":"/providers/Microsoft.PowerApps/apis/shared_sharepointonline","connectionName":"shared_sharepointonline","operationId":"CopyFileAsync"},"parameters":{"dataset":"https://techalfademo.sharepoint.com/sites/alfademohr","parameters/sourceFileId":"@triggerOutputs()?['headers/x-ms-file-id']","parameters/destinationDataset":"https://techalfademo.sharepoint.com/sites/DeckhousePartner2/","parameters/destinationFolderPath":"/ReadOnly Library","parameters/nameConflictBehavior":1},"authentication":"@parameters('$authentication')"}}}},"connectionReferences":{"shared_sharepointonline":{"connectionName":"824907c0df9f42adb4b84517ed47bf4c","source":"Embedded","id":"/providers/Microsoft.PowerApps/apis/shared_sharepointonline","tier":"NotSpecified"}},"flowFailureAlertSubscribed":false}}