{"name":"0777d5cd-48b6-475d-b5ed-50c6200d7dfe","id":"/providers/Microsoft.Flow/flows/0777d5cd-48b6-475d-b5ed-50c6200d7dfe","type":"Microsoft.Flow/flows","properties":{"apiId":"/providers/Microsoft.PowerApps/apis/shared_logicflows","displayName":"Local site approval UAT","definition":{"metadata":{"workflowEntityId":null,"creator":{"id":"94ee93a4-4dd0-4ad5-a17b-0e485b015664","type":"User","tenantId":"ed5d5f47-52dd-48af-90ca-f7bd83624eb9"},"provisioningMethod":"FromDefinition","failureAlertSubscription":true,"clientLastModifiedTime":"2019-03-05T09:22:57.7155229Z"},"$schema":"https://schema.management.azure.com/providers/Microsoft.Logic/schemas/2016-06-01/workflowdefinition.json#","contentVersion":"1.0.0.0","parameters":{"$connections":{"defaultValue":{},"type":"Object"},"$authentication":{"defaultValue":{},"type":"SecureObject"},"sharepoint.site":{"defaultValue":"","type":"String"},"sharepoint.list":{"defaultValue":"","type":"String"}},"triggers":{"When_a_new_item_is_created":{"recurrence":{"interval":5,"frequency":"Minute"},"splitOn":"@triggerBody()?.value","metadata":{"flowSystemMetadata":{"swaggerOperationId":"GetOnNewItems"}},"type":"ApiConnection","inputs":{"host":{"connection":{"name":"@parameters('$connections')['shared_sharepointonline']['connectionId']"},"api":{"runtimeUrl":"https://flow-apim-europe-001-westeurope-01.azure-apim.net/apim/sharepointonline"}},"method":"get","path":"/datasets/@{encodeURIComponent(encodeURIComponent('https://alfalavalonline.sharepoint.com/sites/LocalSitelandingUAT'))}/tables/@{encodeURIComponent(encodeURIComponent('All Local sites'))}/onnewitems","authentication":"@parameters('$authentication')"},"conditions":[]}},"actions":{"Start_an_approval":{"runAfter":{"Set_Landing_Site_URL":["Succeeded"]},"metadata":{"flowSystemMetadata":{"swaggerOperationId":"approvalSubscribe"}},"type":"ApiConnectionWebhook","inputs":{"host":{"connection":{"name":"@parameters('$connections')['shared_approvals']['connectionId']"},"api":{"runtimeUrl":"https://flow-apim-europe-001-francecentral-01.azure-apim.net/apim/approvals"}},"body":{"NotificationUrl":"@listCallbackUrl()","title":"Local site requested: @{triggerBody()?['Title']}","assignedTo":"@variables('ApproverEmail')","details":"Please approve or reject local site: @{triggerBody()?['Title']}\nRequested by @{triggerBody()?['Author']?['DisplayName']} at @{triggerBody()?['Created']}\nDescription: @{triggerBody()?['ShortDescription']}","itemLink":"@triggerBody()?['{Link}']","itemLinkDescription":"@triggerBody()?['{Name}']"},"path":"/basic/$subscriptions","authentication":"@parameters('$authentication')"}},"Check_if_item_is_approved":{"actions":{"Call_Azure_method":{"runAfter":{"Set_SiteStatus_to_Approved":["Succeeded"]},"type":"Http","inputs":{"method":"GET","uri":"@{variables('AzureMethodUrl')}&siteUrl=@{variables('LandingSiteURL')}&itemId=@{triggerBody()?['ID']}"},"description":"Creates site collection, applies PNP template and design","operationOptions":"DisableAsyncPattern"},"Check_callback_status":{"actions":{"Success_email":{"runAfter":{},"metadata":{"flowSystemMetadata":{"swaggerOperationId":"SendEmail"}},"type":"ApiConnection","inputs":{"host":{"connection":{"name":"@parameters('$connections')['shared_office365']['connectionId']"},"api":{"runtimeUrl":"https://flow-apim-europe-001-northeurope-01.azure-apim.net/apim/office365"}},"method":"post","body":{"To":"@{triggerBody()?['Author']?['Email']};","Subject":"Your local site is created.","Body":"Welcome to <b>@{triggerBody()?['Title']}</b> local site!<br/>\n<a href=\"@{body('Call_Azure_method')}\">Go to site</a>","IsHtml":true},"path":"/Mail","authentication":"@parameters('$authentication')"}},"Set_SiteStatus_to_Available":{"runAfter":{"Success_email":["Succeeded"]},"metadata":{"flowSystemMetadata":{"swaggerOperationId":"PatchItem"}},"type":"ApiConnection","inputs":{"host":{"connection":{"name":"@parameters('$connections')['shared_sharepointonline']['connectionId']"},"api":{"runtimeUrl":"https://flow-apim-europe-001-westeurope-01.azure-apim.net/apim/sharepointonline"}},"method":"patch","body":{"Title":"@body('Set_SiteStatus_to_Approved')['Title']","SiteType":{"Value":"@body('Set_SiteStatus_to_Approved')?['SiteType']?['Value']"},"shareSiteStatus":{"Value":"Available"},"BusinessFunction":{"Value":""},"Country":{"Value":""}},"path":"/datasets/@{encodeURIComponent(encodeURIComponent('https://alfalavalonline.sharepoint.com/sites/localsitelandinguat'))}/tables/@{encodeURIComponent(encodeURIComponent('d1549458-d7f4-46ff-8c96-ef56f1059265'))}/items/@{encodeURIComponent(body('Set_SiteStatus_to_Approved')?['ID'])}","authentication":"@parameters('$authentication')"}}},"runAfter":{"Call_Azure_method":["Succeeded","Failed"]},"else":{"actions":{"Fail_email":{"runAfter":{},"metadata":{"flowSystemMetadata":{"swaggerOperationId":"SendEmail"}},"type":"ApiConnection","inputs":{"host":{"connection":{"name":"@parameters('$connections')['shared_office365']['connectionId']"},"api":{"runtimeUrl":"https://flow-apim-europe-001-northeurope-01.azure-apim.net/apim/office365"}},"method":"post","body":{"To":"@{triggerBody()?['Author']?['Email']};","Subject":"Something is wrong with your local site","Body":"Please contact support.\nDetails:\n@{body('Call_Azure_method')}"},"path":"/Mail","authentication":"@parameters('$authentication')"}},"Set_SiteStatus_to_Error":{"runAfter":{"Fail_email":["Succeeded"]},"metadata":{"flowSystemMetadata":{"swaggerOperationId":"PatchItem"}},"type":"ApiConnection","inputs":{"host":{"connection":{"name":"@parameters('$connections')['shared_sharepointonline']['connectionId']"},"api":{"runtimeUrl":"https://flow-apim-europe-001-westeurope-01.azure-apim.net/apim/sharepointonline"}},"method":"patch","body":{"Title":"@body('Set_SiteStatus_to_Approved')['Title']","SiteType":{"Value":"@body('Set_SiteStatus_to_Approved')?['SiteType']?['Value']"},"shareSiteStatus":{"Value":"Error"},"BusinessFunction":{"Value":""},"Country":{"Value":""}},"path":"/datasets/@{encodeURIComponent(encodeURIComponent('https://alfalavalonline.sharepoint.com/sites/localsitelandinguat'))}/tables/@{encodeURIComponent(encodeURIComponent('d1549458-d7f4-46ff-8c96-ef56f1059265'))}/items/@{encodeURIComponent(body('Set_SiteStatus_to_Approved')?['ID'])}","authentication":"@parameters('$authentication')"}}}},"expression":{"equals":["@outputs('Call_Azure_method')['statusCode']",200]},"type":"If"},"Set_SiteStatus_to_Approved":{"runAfter":{},"metadata":{"flowSystemMetadata":{"swaggerOperationId":"PatchItem"}},"type":"ApiConnection","inputs":{"host":{"connection":{"name":"@parameters('$connections')['shared_sharepointonline']['connectionId']"},"api":{"runtimeUrl":"https://flow-apim-europe-001-westeurope-01.azure-apim.net/apim/sharepointonline"}},"method":"patch","body":{"Title":"@triggerBody()?['Title']","SiteType":{"Value":"@triggerBody()?['SiteType']?['Value']"},"shareSiteStatus":{"Value":"Approved"},"BusinessFunction":{"Value":""},"Country":{"Value":""}},"path":"/datasets/@{encodeURIComponent(encodeURIComponent('https://alfalavalonline.sharepoint.com/sites/localsitelandinguat'))}/tables/@{encodeURIComponent(encodeURIComponent('d1549458-d7f4-46ff-8c96-ef56f1059265'))}/items/@{encodeURIComponent(triggerBody()?['ID'])}","authentication":"@parameters('$authentication')"}}},"runAfter":{"Start_an_approval":["Succeeded"]},"else":{"actions":{"Inform_item_creator_of_rejection":{"runAfter":{"Set_SiteStatus_to_Rejected":["Succeeded"]},"metadata":{"flowSystemMetadata":{"swaggerOperationId":"SendEmail"}},"type":"ApiConnection","inputs":{"host":{"connection":{"name":"@parameters('$connections')['shared_office365']['connectionId']"},"api":{"runtimeUrl":"https://flow-apim-europe-001-northeurope-01.azure-apim.net/apim/office365"}},"method":"post","body":{"To":"@triggerBody()?['Author']?['Email']","Subject":"Item: @{triggerBody()?['Title']} rejected","Body":"Your request for @{triggerBody()?['Title']} has been rejected by @{body('Start_an_approval')?['responder']?['displayName']}. Comments (if any): @{body('Start_an_approval')?['comments']}"},"path":"/Mail","authentication":"@parameters('$authentication')"}},"Set_SiteStatus_to_Rejected":{"runAfter":{},"metadata":{"flowSystemMetadata":{"swaggerOperationId":"PatchItem"}},"type":"ApiConnection","inputs":{"host":{"connection":{"name":"@parameters('$connections')['shared_sharepointonline']['connectionId']"},"api":{"runtimeUrl":"https://flow-apim-europe-001-westeurope-01.azure-apim.net/apim/sharepointonline"}},"method":"patch","body":{"Title":"@triggerBody()?['Title']","SiteType":{"Value":"@triggerBody()?['SiteType']?['Value']"},"shareSiteStatus":{"Value":"Rejected"},"BusinessFunction":{"Value":""},"Country":{"Value":""}},"path":"/datasets/@{encodeURIComponent(encodeURIComponent('https://alfalavalonline.sharepoint.com/sites/localsitelandinguat'))}/tables/@{encodeURIComponent(encodeURIComponent('d1549458-d7f4-46ff-8c96-ef56f1059265'))}/items/@{encodeURIComponent(triggerBody()?['ID'])}","authentication":"@parameters('$authentication')"}}}},"expression":"@equals(body('Start_an_approval')?['response'], 'Approve')","type":"If"},"Set_Landing_Site_URL":{"runAfter":{"Set_Azure_Function_url_":["Succeeded"]},"type":"InitializeVariable","inputs":{"variables":[{"name":"LandingSiteURL","type":"String","value":"https://alfalavalonline.sharepoint.com/sites/localsitelandingUAT"}]}},"Set_Approver":{"runAfter":{},"type":"InitializeVariable","inputs":{"variables":[{"name":"ApproverEmail","type":"String","value":"Collaboration-ShareApproversInternalCommunication@alfalavalonline.onmicrosoft.com"}]}},"Set_Azure_Function_url_":{"runAfter":{"Set_Approver":["Succeeded"]},"type":"InitializeVariable","inputs":{"variables":[{"name":"AzureMethodUrl","type":"String","value":"https://localsites-uat.azurewebsites.net/api/CreateLocalSite?code=Jbjfehq1awRv63DY4ntFb/RRnnNKdb26mTVMJr02wIF7xzZCncsCaA=="}]}}},"description":"Use this template for processing approvals on SharePoint list items. The approver can view their approval requests in the Approvals Center and over email. Once an item is approved or rejected, the item creator is sent a confirmation email."},"connectionReferences":{"shared_approvals":{"connectionName":"7fa1484c30ea411ca0f7c9a01c7a52b2","source":"Embedded","id":"/providers/Microsoft.PowerApps/apis/shared_approvals","tier":"NotSpecified"},"shared_office365":{"connectionName":"46e1bd230d7b4212b3e08c086835c8ae","source":"Embedded","id":"/providers/Microsoft.PowerApps/apis/shared_office365","tier":"NotSpecified"},"shared_sharepointonline":{"connectionName":"cf5d719f00e44b62b5579a479f782f6a","source":"Embedded","id":"/providers/Microsoft.PowerApps/apis/shared_sharepointonline","tier":"NotSpecified"}},"flowFailureAlertSubscribed":false}}