{"name":"aa49e60a-b967-4fa2-8645-3532f26a0888","id":"/providers/Microsoft.Flow/flows/aa49e60a-b967-4fa2-8645-3532f26a0888","type":"Microsoft.Flow/flows","properties":{"apiId":"/providers/Microsoft.PowerApps/apis/shared_logicflows","displayName":"Portal site approval PROD","definition":{"metadata":{"workflowEntityId":null,"creator":{"id":"8c863252-247e-426f-814e-d45019ff6b87","type":"User","tenantId":"ed5d5f47-52dd-48af-90ca-f7bd83624eb9"},"provisioningMethod":"FromDefinition","failureAlertSubscription":true,"clientLastModifiedTime":"2019-11-19T14:50:20.9575212Z"},"$schema":"https://schema.management.azure.com/providers/Microsoft.Logic/schemas/2016-06-01/workflowdefinition.json#","contentVersion":"1.0.0.0","parameters":{"$connections":{"defaultValue":{},"type":"Object"},"$authentication":{"defaultValue":{},"type":"SecureObject"},"sharepoint.site":{"defaultValue":"","type":"String"},"sharepoint.list":{"defaultValue":"","type":"String"}},"triggers":{"When_a_new_item_is_created":{"recurrence":{"frequency":"Minute","interval":3},"splitOn":"@triggerBody()?.value","metadata":{"flowSystemMetadata":{"swaggerOperationId":"GetOnNewItems"}},"type":"ApiConnection","inputs":{"host":{"connection":{"name":"@parameters('$connections')['shared_sharepointonline']['connectionId']"},"api":{"runtimeUrl":"https://flow-apim-europe-001-francecentral-01.azure-apim.net/apim/sharepointonline"}},"method":"get","path":"/datasets/@{encodeURIComponent(encodeURIComponent('https://alfalavalonline.sharepoint.com/sites/portalsitelanding'))}/tables/@{encodeURIComponent(encodeURIComponent('cb95a36b-3d36-414c-97ad-a616606196b3'))}/onnewitems","authentication":"@parameters('$authentication')"},"conditions":[]}},"actions":{"Start_an_approval":{"runAfter":{"Check_if_requester_has_an_e-mail":["Succeeded"]},"metadata":{"flowSystemMetadata":{"swaggerOperationId":"approvalSubscribe"}},"type":"ApiConnectionWebhook","inputs":{"host":{"connection":{"name":"@parameters('$connections')['shared_approvals_1']['connectionId']"},"api":{"runtimeUrl":"https://flow-apim-europe-001-francecentral-01.azure-apim.net/apim/approvals"}},"body":{"NotificationUrl":"@listCallbackUrl()","title":"Portal site requested: @{triggerBody()?['Title']}","assignedTo":"@variables('ApproverEmail')","details":"Please approve or reject portal site: @{triggerBody()?['Title']}\nRequested by @{triggerBody()?['Author']?['DisplayName']} at @{triggerBody()?['Created']}\nDescription: @{triggerBody()?['ShortDescription']}","itemLink":"@triggerBody()?['{Link}']","itemLinkDescription":"@triggerBody()?['{Name}']"},"path":"/basic/$subscriptions","authentication":"@parameters('$authentication')"}},"Check_if_item_is_approved":{"actions":{"Call_Azure_method":{"runAfter":{"Set_SiteStatus_to_Approved":["Succeeded"]},"type":"Http","inputs":{"method":"GET","uri":"@{variables('AzureMethodUrl')}&siteUrl=@{variables('LandingSiteURL')}&itemId=@{triggerBody()?['ID']}"},"description":"Creates site collection, applies PNP template and design","operationOptions":"DisableAsyncPattern"},"Check_callback_status":{"actions":{"Set_SiteStatus_to_Available":{"runAfter":{"Apply_to_each":["Succeeded"]},"metadata":{"flowSystemMetadata":{"swaggerOperationId":"PatchItem"}},"type":"ApiConnection","inputs":{"host":{"connection":{"name":"@parameters('$connections')['shared_sharepointonline']['connectionId']"},"api":{"runtimeUrl":"https://flow-apim-europe-001-francecentral-01.azure-apim.net/apim/sharepointonline"}},"method":"patch","body":{"Title":"@body('Set_SiteStatus_to_Approved')['Title']","SiteOwner":"@body('Set_SiteStatus_to_Approved')['SiteOwner']","SiteEditor":"@body('Set_SiteStatus_to_Approved')['SiteEditor']","ShortDescription":"@body('Set_SiteStatus_to_Approved')['ShortDescription']","SiteType":{"Value":"@body('Set_SiteStatus_to_Approved')?['SiteType']?['Value']"},"SiteStatus":{"Value":"Available"},"{ContentType}":{"Id":"0x0100EB9AFF640C8EA1458A344BAB32A6070E005810DE288FD53743895D3A9C294035A0"}},"path":"/datasets/@{encodeURIComponent(encodeURIComponent('https://alfalavalonline.sharepoint.com/sites/portalsitelanding'))}/tables/@{encodeURIComponent(encodeURIComponent('Site Requests'))}/items/@{encodeURIComponent(body('Set_SiteStatus_to_Approved')?['ID'])}","authentication":"@parameters('$authentication')"}},"Apply_to_each":{"foreach":"@body('Set_SiteStatus_to_Approved')?['SiteOwner']","actions":{"Success_email":{"runAfter":{},"metadata":{"flowSystemMetadata":{"swaggerOperationId":"SendEmail"}},"type":"ApiConnection","inputs":{"host":{"connection":{"name":"@parameters('$connections')['shared_office365']['connectionId']"},"api":{"runtimeUrl":"https://flow-apim-europe-001-westeurope-01.azure-apim.net/apim/office365"}},"method":"post","body":{"To":"@{triggerBody()?['Author']?['Email']};@{items('Apply_to_each')?['Email']}","Subject":"Your portal site is created.","Body":"Welcome to <b>@{triggerBody()?['Title']}</b> portal site!<br/>\n<a href=\"@{body('Call_Azure_method')}\">Go to site</a>","IsHtml":true},"path":"/Mail","authentication":"@parameters('$authentication')"}}},"runAfter":{},"type":"Foreach"}},"runAfter":{"Call_Azure_method":["Succeeded","Failed"]},"else":{"actions":{"Fail_email":{"runAfter":{},"metadata":{"flowSystemMetadata":{"swaggerOperationId":"SendEmail"}},"type":"ApiConnection","inputs":{"host":{"connection":{"name":"@parameters('$connections')['shared_office365']['connectionId']"},"api":{"runtimeUrl":"https://flow-apim-europe-001-westeurope-01.azure-apim.net/apim/office365"}},"method":"post","body":{"To":"@{triggerBody()?['Author']?['Email']};","Subject":"Something is wrong with your portal site","Body":"Please contact support.\nDetails:\n@{body('Call_Azure_method')}"},"path":"/Mail","authentication":"@parameters('$authentication')"}},"Set_SiteStatus_to_Error":{"runAfter":{"Fail_email":["Succeeded"]},"metadata":{"flowSystemMetadata":{"swaggerOperationId":"PatchItem"}},"type":"ApiConnection","inputs":{"host":{"connection":{"name":"@parameters('$connections')['shared_sharepointonline']['connectionId']"},"api":{"runtimeUrl":"https://flow-apim-europe-001-francecentral-01.azure-apim.net/apim/sharepointonline"}},"method":"patch","body":{"Title":"@body('Set_SiteStatus_to_Approved')['Title']","SiteOwner":"@body('Set_SiteStatus_to_Approved')['SiteOwner']","SiteEditor":"@body('Set_SiteStatus_to_Approved')['SiteEditor']","ShortDescription":"@body('Set_SiteStatus_to_Approved')['ShortDescription']","SiteType":{"Value":"@body('Set_SiteStatus_to_Approved')?['SiteType']?['Value']"},"SiteStatus":{"Value":"Error"},"{ContentType}":{"Id":"0x0100EB9AFF640C8EA1458A344BAB32A6070E005810DE288FD53743895D3A9C294035A0"}},"path":"/datasets/@{encodeURIComponent(encodeURIComponent('https://alfalavalonline.sharepoint.com/sites/portalsitelanding'))}/tables/@{encodeURIComponent(encodeURIComponent('Site Requests'))}/items/@{encodeURIComponent(body('Set_SiteStatus_to_Approved')?['ID'])}","authentication":"@parameters('$authentication')"}}}},"expression":{"equals":["@outputs('Call_Azure_method')['statusCode']",200]},"type":"If"},"Set_SiteStatus_to_Approved":{"runAfter":{},"metadata":{"flowSystemMetadata":{"swaggerOperationId":"PatchItem"}},"type":"ApiConnection","inputs":{"host":{"connection":{"name":"@parameters('$connections')['shared_sharepointonline']['connectionId']"},"api":{"runtimeUrl":"https://flow-apim-europe-001-francecentral-01.azure-apim.net/apim/sharepointonline"}},"method":"patch","body":{"Title":"@triggerBody()?['Title']","SiteOwner":"@triggerBody()?['SiteOwner']","SiteEditor":"@triggerBody()?['SiteEditor']","ShortDescription":"@triggerBody()?['ShortDescription']","SiteType":{"Value":"@triggerBody()?['SiteType']?['Value']"},"SiteStatus":{"Value":"Approved"},"{ContentType}":{"Id":"0x0100EB9AFF640C8EA1458A344BAB32A6070E005810DE288FD53743895D3A9C294035A0"}},"path":"/datasets/@{encodeURIComponent(encodeURIComponent('https://alfalavalonline.sharepoint.com/sites/portalsitelanding'))}/tables/@{encodeURIComponent(encodeURIComponent('Site Requests'))}/items/@{encodeURIComponent(triggerBody()?['ID'])}","authentication":"@parameters('$authentication')"}}},"runAfter":{"Start_an_approval":["Succeeded"]},"else":{"actions":{"Inform_item_creator_of_rejection":{"runAfter":{"Set_SiteStatus_to_Rejected":["Succeeded"]},"metadata":{"flowSystemMetadata":{"swaggerOperationId":"SendEmail"}},"type":"ApiConnection","inputs":{"host":{"connection":{"name":"@parameters('$connections')['shared_office365']['connectionId']"},"api":{"runtimeUrl":"https://flow-apim-europe-001-westeurope-01.azure-apim.net/apim/office365"}},"method":"post","body":{"To":"@triggerBody()?['Author']?['Email']","Subject":"Item: @{triggerBody()?['Title']} rejected","Body":"Your request for @{triggerBody()?['Title']} has been rejected by @{body('Start_an_approval')?['responder']?['displayName']}. Comments (if any): @{body('Start_an_approval')?['comments']}"},"path":"/Mail","authentication":"@parameters('$authentication')"}},"Set_SiteStatus_to_Rejected":{"runAfter":{},"metadata":{"flowSystemMetadata":{"swaggerOperationId":"PatchItem"}},"type":"ApiConnection","inputs":{"host":{"connection":{"name":"@parameters('$connections')['shared_sharepointonline']['connectionId']"},"api":{"runtimeUrl":"https://flow-apim-europe-001-francecentral-01.azure-apim.net/apim/sharepointonline"}},"method":"patch","body":{"Title":"@triggerBody()?['Title']","SiteOwner":"@triggerBody()?['SiteOwner']","SiteEditor":"@triggerBody()?['SiteEditor']","ShortDescription":"@triggerBody()?['ShortDescription']","SiteType":{"Value":"@triggerBody()?['SiteType']?['Value']"},"SiteStatus":{"Value":"Rejected"},"{ContentType}":{"Id":"0x0100EB9AFF640C8EA1458A344BAB32A6070E005810DE288FD53743895D3A9C294035A0"}},"path":"/datasets/@{encodeURIComponent(encodeURIComponent('https://alfalavalonline.sharepoint.com/sites/portalsitelanding'))}/tables/@{encodeURIComponent(encodeURIComponent('Site Requests'))}/items/@{encodeURIComponent(triggerBody()?['ID'])}","authentication":"@parameters('$authentication')"}}}},"expression":"@equals(body('Start_an_approval')?['response'], 'Approve')","type":"If"},"Set_Landing_Site_URL":{"runAfter":{"Set_Azure_Function_url_":["Succeeded"]},"type":"InitializeVariable","inputs":{"variables":[{"name":"LandingSiteURL","type":"String","value":"https://alfalavalonline.sharepoint.com/sites/portalsitelanding"}]}},"Set_Approver_Variable":{"runAfter":{},"type":"InitializeVariable","inputs":{"variables":[{"name":"ApproverEmail","type":"String"}]}},"Set_Azure_Function_url_":{"runAfter":{"Apply_to_each_2":["Succeeded"]},"type":"InitializeVariable","inputs":{"variables":[{"name":"AzureMethodUrl","type":"String","value":"https://al-func-portalsite-prod.azurewebsites.net/api/CreatePortalSiteFunction?code=MTqlDLD04MtQvnoJtkf418X3swvgCczYtGAEOS9LK4LZxcdu2yaG1Q=="}]}},"List_group_members":{"runAfter":{"Set_Approver_Variable":["Succeeded"]},"metadata":{"flowSystemMetadata":{"swaggerOperationId":"ListGroupMembers"}},"type":"ApiConnection","inputs":{"host":{"connection":{"name":"@parameters('$connections')['shared_office365groups']['connectionId']"},"api":{"runtimeUrl":"https://flow-apim-europe-001-northeurope-01.azure-apim.net/apim/office365groups"}},"method":"get","path":"/v1.0/groups/@{encodeURIComponent('bdcdfa94-7dff-4d84-8f40-744a6e496a50')}/members","authentication":"@parameters('$authentication')"}},"Filter_array":{"runAfter":{"List_group_members":["Succeeded"]},"type":"Query","inputs":{"from":"@body('List_group_members')?['value']","where":"@not(equals(item()?['mail'], 'share.collaboration@alfalaval.com'))"}},"Apply_to_each_2":{"foreach":"@body('Filter_array')","actions":{"Append_to_string_variable":{"runAfter":{},"type":"AppendToStringVariable","inputs":{"name":"ApproverEmail","value":"@{items('Apply_to_each_2')?['mail']};"}}},"runAfter":{"Filter_array":["Succeeded"]},"type":"Foreach"},"Check_if_requester_has_an_e-mail":{"actions":{"Send_a_notification_e-mail":{"runAfter":{},"metadata":{"flowSystemMetadata":{"swaggerOperationId":"SendEmailV2"}},"type":"ApiConnection","inputs":{"host":{"connection":{"name":"@parameters('$connections')['shared_office365']['connectionId']"},"api":{"runtimeUrl":"https://flow-apim-europe-001-westeurope-01.azure-apim.net/apim/office365"}},"method":"post","body":{"To":"@{triggerBody()?['Author']?['Email']};","Subject":"Your Site request has been sent for approval","Body":"<p>Dear @{triggerBody()?['Author']?['DisplayName']},<br>\n<br>\nYour Site request has been sent for approval.<br>\nAs soon as your request has been approved you will receive an e-mail with a link to your new site.<br>\nIf your request is rejected you will get an e-mail notification.<br>\n<br>\nThank you!<br>\n<br>\nAlfa Laval Share team</p>"},"path":"/v2/Mail","authentication":"@parameters('$authentication')"}}},"runAfter":{"Set_Landing_Site_URL":["Succeeded"]},"expression":{"not":{"equals":["@triggerBody()?['Author']?['Email']","@null"]}},"type":"If"}},"description":"Use this template for processing approvals on SharePoint list items. The approver can view their approval requests in the Approvals Center and over email. Once an item is approved or rejected, the item creator is sent a confirmation email."},"connectionReferences":{"shared_approvals_1":{"connectionName":"shared-approvals-4e8f2170-17e8-4d15-a9cd-2102b3262a32","source":"Embedded","id":"/providers/Microsoft.PowerApps/apis/shared_approvals","tier":"NotSpecified"},"shared_sharepointonline":{"connectionName":"shared-sharepointonl-6985dd6d-1e3b-4b30-adcf-abf33e20eb17","source":"Embedded","id":"/providers/Microsoft.PowerApps/apis/shared_sharepointonline","tier":"NotSpecified"},"shared_office365":{"connectionName":"shared-office365-81e86c20-89c2-4039-888f-59c55e7495a9","source":"Embedded","id":"/providers/Microsoft.PowerApps/apis/shared_office365","tier":"NotSpecified"},"shared_office365groups":{"connectionName":"shared-office365grou-1d681a7d-2776-4237-9730-b65fb126f9dc","source":"Embedded","id":"/providers/Microsoft.PowerApps/apis/shared_office365groups","tier":"NotSpecified"}},"flowFailureAlertSubscribed":false}}