{"name":"7f5825ba-3326-4714-8e5e-62200d4f9f83","id":"/providers/Microsoft.Flow/flows/7f5825ba-3326-4714-8e5e-62200d4f9f83","type":"Microsoft.Flow/flows","properties":{"apiId":"/providers/Microsoft.PowerApps/apis/shared_logicflows","displayName":"Reminders - Apps for Authentication","definition":{"metadata":{"workflowEntityId":null,"creator":{"id":"35b3f195-591b-4008-8f7c-0244419ba337","type":"User","tenantId":"3d1a7ff3-f978-4086-bc3e-dfe791fd6b57"},"provisioningMethod":"FromDefinition","failureAlertSubscription":true,"clientLastModifiedTime":"2020-07-16T10:56:38.2243592Z"},"$schema":"https://schema.management.azure.com/providers/Microsoft.Logic/schemas/2016-06-01/workflowdefinition.json#","contentVersion":"1.0.0.0","parameters":{"$connections":{"defaultValue":{},"type":"Object"},"$authentication":{"defaultValue":{},"type":"SecureObject"},"sharepoint.site":{"defaultValue":"","type":"String"},"sharepoint.list":{"defaultValue":"","type":"String"},"sharepoint.remindMeIn":{"defaultValue":1,"type":"Int"},"sharepoint.columnName":{"defaultValue":"","type":"String"},"sharepoint.listName":{"defaultValue":"","type":"String"},"sharepoint.emailSubject":{"defaultValue":"","type":"String"},"sharepoint.emailBodyTitle":{"defaultValue":"","type":"String"},"sharepoint.emailFlowLinkTitle":{"defaultValue":"","type":"String"}},"triggers":{"Recurrence":{"recurrence":{"frequency":"Minute","interval":1,"timeZone":"Pacific Standard Time"},"type":"Recurrence"}},"actions":{"Scope_to_get_items":{"actions":{"Get_items":{"runAfter":{},"metadata":{"flowSystemMetadata":{"swaggerOperationId":"GetItems"}},"type":"ApiConnection","inputs":{"host":{"connection":{"name":"@parameters('$connections')['shared_sharepointonline']['connectionId']"},"api":{"runtimeUrl":"https://india-001.azure-apim.net/apim/sharepointonline"}},"method":"get","path":"/datasets/@{encodeURIComponent(encodeURIComponent('https://icapdemo.sharepoint.com/sites/AdminPortal'))}/tables/@{encodeURIComponent(encodeURIComponent('71e9c66d-5837-424f-bcda-39168200125b'))}/items","authentication":"@parameters('$authentication')"}},"empty_check_1":{"actions":{},"runAfter":{"Get_items":["Succeeded"]},"else":{"actions":{"Apply_to_each":{"foreach":"@body('Get_items')?['value']","actions":{"Check_for_30days":{"actions":{"Update_item":{"runAfter":{"Post30":["Succeeded"]},"metadata":{"flowSystemMetadata":{"swaggerOperationId":"PatchItem"}},"type":"ApiConnection","inputs":{"host":{"connection":{"name":"@parameters('$connections')['shared_sharepointonline']['connectionId']"},"api":{"runtimeUrl":"https://india-001.azure-apim.net/apim/sharepointonline"}},"method":"patch","body":{"Title":"@items('Apply_to_each')?['Title']","AppSecret":"@{outputs('Post30')?['body/data/appSecretID']}","ExpiryDate":"@{formatDateTime(outputs('Post30')?['body/data/newDate'])}"},"path":"/datasets/@{encodeURIComponent(encodeURIComponent('https://icapdemo.sharepoint.com/sites/AdminPortal'))}/tables/@{encodeURIComponent(encodeURIComponent('71e9c66d-5837-424f-bcda-39168200125b'))}/items/@{encodeURIComponent(items('Apply_to_each')?['ID'])}","authentication":"@parameters('$authentication')"}},"Post30":{"runAfter":{},"metadata":{"flowSystemMetadata":{"swaggerOperationId":"SubscribeChannelFlowContinuation"}},"type":"ApiConnectionWebhook","inputs":{"host":{"connection":{"name":"@parameters('$connections')['shared_teams']['connectionId']"},"api":{"runtimeUrl":"https://india-001.azure-apim.net/apim/teams"}},"body":{"notificationUrl":"@{listCallbackUrl()}","body":{"recipient":{"channelId":"19:391561c980f84863966a8edf6436e73c@thread.tacv2"},"messageBody":"{\"type\":\"AdaptiveCard\",\"$schema\":\"http://adaptivecards.io/schemas/adaptive-card.json\",\"version\":\"1.2\",\"body\":[{\"type\":\"Container\",\"style\":\"warning\",\"items\":[{\"type\":\"TextBlock\",\"text\":\"Expiry Reminder- Apps for authentication\"}]},{\"text\":\"The following app is going to expire in 30 days.\",\"type\":\"TextBlock\"},{\"facts\":[{\"title\":\"App Name:\",\"value\":\"@{items('Apply_to_each')?['Title']}\"},{\"title\":\"App ID:\",\"value\":\"@{items('Apply_to_each')?['AppID']}\"}],\"type\":\"FactSet\"},{\"text\":\"Please extend the date and update the details.\",\"type\":\"TextBlock\"},{\"type\":\"Container\",\"style\":\"accent\",\"items\":[{\"text\":\"Expiry date(New)\",\"type\":\"TextBlock\"},{\"type\":\"Input.Date\",\"id\":\"newDate\"}]},{\"type\":\"Container\",\"style\":\"accent\",\"items\":[{\"type\":\"TextBlock\",\"text\":\"App Secret(New)\"},{\"placeholder\":\"Placeholder text\",\"type\":\"Input.Text\",\"id\":\"appSecretID\"}]},{\"type\":\"ActionSet\",\"actions\":[{\"title\":\"Update\",\"type\":\"Action.Submit\",\"style\":\"positive\",\"id\":\"btnUpdate\"}]}],\"-ms-tokens\":{}}","updateMessage":"Thank you for your action!","shouldUpdateCard":true}},"path":"/flowbot/actions/flowcontinuation/recipienttypes/channel/$subscriptions","queries":{"groupId":"f556b219-b08c-4366-823f-3b7ce0ab7a3a"},"authentication":"@parameters('$authentication')"}}},"runAfter":{"30days":["Succeeded"]},"expression":{"equals":["@items('Apply_to_each')?['ExpiryDate']","@outputs('30days')"]},"type":"If"},"30days":{"runAfter":{},"type":"Compose","inputs":"@addDays(utcnow(),30, 'yyyy-MM-dd')"}},"runAfter":{},"type":"Foreach"}}},"expression":"@empty(body('Get_items')?['value'])","type":"If"},"empty_check_2":{"actions":{"1day":{"runAfter":{},"type":"Compose","inputs":"@addDays(utcnow(),1, 'yyyy-MM-dd')"},"Apply_to_each_3":{"foreach":"@body('Get_items')?['value']","actions":{"Check_for_1day":{"actions":{"Post1":{"runAfter":{},"metadata":{"flowSystemMetadata":{"swaggerOperationId":"SubscribeChannelFlowContinuation"}},"type":"ApiConnectionWebhook","inputs":{"host":{"connection":{"name":"@parameters('$connections')['shared_teams']['connectionId']"},"api":{"runtimeUrl":"https://india-001.azure-apim.net/apim/teams"}},"body":{"notificationUrl":"@{listCallbackUrl()}","body":{"recipient":{"channelId":"19:391561c980f84863966a8edf6436e73c@thread.tacv2"},"messageBody":"{\"type\":\"AdaptiveCard\",\"$schema\":\"http://adaptivecards.io/schemas/adaptive-card.json\",\"version\":\"1.2\",\"body\":[{\"type\":\"Container\",\"style\":\"warning\",\"items\":[{\"type\":\"TextBlock\",\"text\":\"Expiry Reminder- Apps for authentication\"}]},{\"text\":\"The following app is going to expire in 1 day.\",\"type\":\"TextBlock\"},{\"facts\":[{\"title\":\"App Name:\",\"value\":\"@{items('Apply_to_each_3')?['Title']}\"},{\"title\":\"App ID:\",\"value\":\"@{items('Apply_to_each_3')?['AppID']}\"}],\"type\":\"FactSet\"},{\"text\":\"Please extend the date and update the details.\",\"type\":\"TextBlock\"},{\"type\":\"Container\",\"style\":\"accent\",\"items\":[{\"text\":\"Expiry date(new)\",\"type\":\"TextBlock\"},{\"type\":\"Input.Date\",\"id\":\"newDate1\"}]},{\"type\":\"Container\",\"items\":[{\"text\":\"App secret(new)\",\"type\":\"TextBlock\"},{\"placeholder\":\"Placeholder text\",\"type\":\"Input.Text\",\"id\":\"appsecretID\"}],\"style\":\"accent\"},{\"type\":\"ActionSet\",\"actions\":[{\"title\":\"Update\",\"type\":\"Action.Submit\",\"style\":\"positive\",\"id\":\"btnUpdate\"}]}],\"-ms-tokens\":{}}","updateMessage":"Thank you for ypur action!","shouldUpdateCard":true}},"path":"/flowbot/actions/flowcontinuation/recipienttypes/channel/$subscriptions","queries":{"groupId":"f556b219-b08c-4366-823f-3b7ce0ab7a3a"},"authentication":"@parameters('$authentication')"}},"Update_item_2":{"runAfter":{"Post1":["Succeeded"]},"metadata":{"flowSystemMetadata":{"swaggerOperationId":"PatchItem"}},"type":"ApiConnection","inputs":{"host":{"connection":{"name":"@parameters('$connections')['shared_sharepointonline']['connectionId']"},"api":{"runtimeUrl":"https://india-001.azure-apim.net/apim/sharepointonline"}},"method":"patch","body":{"Title":"@items('Apply_to_each_3')?['Title']","AppSecret":"@{outputs('Post1')?['body/data/appSecretID']}","ExpiryDate":"@{formatDateTime(outputs('Post1')?['body/data/newDate1'])}"},"path":"/datasets/@{encodeURIComponent(encodeURIComponent('https://icapdemo.sharepoint.com/sites/AdminPortal'))}/tables/@{encodeURIComponent(encodeURIComponent('71e9c66d-5837-424f-bcda-39168200125b'))}/items/@{encodeURIComponent(items('Apply_to_each_3')?['ID'])}","authentication":"@parameters('$authentication')"}}},"runAfter":{},"expression":{"equals":["@items('Apply_to_each_3')?['ExpiryDate']","@outputs('1day')"]},"type":"If"}},"runAfter":{"1day":["Succeeded"]},"type":"Foreach"}},"runAfter":{"Get_items":["Succeeded"]},"expression":{"equals":["@empty(body('Get_items')?['value'])","@false"]},"type":"If"},"empty_check_3":{"actions":{"15days":{"runAfter":{},"type":"Compose","inputs":"@ addDays(utcnow(),15, 'yyyy-MM-dd')"},"Apply_to_each_2":{"foreach":"@body('Get_items')?['value']","actions":{"Compose":{"runAfter":{},"type":"Compose","inputs":"@items('Apply_to_each_2')?['ExpiryDate']"},"Check_for_15days":{"actions":{"Post15":{"runAfter":{},"metadata":{"flowSystemMetadata":{"swaggerOperationId":"SubscribeChannelFlowContinuation"}},"type":"ApiConnectionWebhook","inputs":{"host":{"connection":{"name":"@parameters('$connections')['shared_teams']['connectionId']"},"api":{"runtimeUrl":"https://india-001.azure-apim.net/apim/teams"}},"body":{"notificationUrl":"@{listCallbackUrl()}","body":{"recipient":{"channelId":"19:391561c980f84863966a8edf6436e73c@thread.tacv2"},"messageBody":"{\"type\":\"AdaptiveCard\",\"$schema\":\"http://adaptivecards.io/schemas/adaptive-card.json\",\"version\":\"1.2\",\"body\":[{\"type\":\"Container\",\"style\":\"warning\",\"items\":[{\"type\":\"TextBlock\",\"text\":\"Expiry Reminder- Apps for authentication\"}]},{\"text\":\"The following app is going to expire in 15 days.\",\"type\":\"TextBlock\"},{\"facts\":[{\"title\":\"App Name:\",\"value\":\"@{items('Apply_to_each_2')?['Title']}\"},{\"title\":\"App ID:\",\"value\":\"@{items('Apply_to_each_2')?['AppID']}\"}],\"type\":\"FactSet\"},{\"text\":\"Please extend the date and update the details.\",\"type\":\"TextBlock\"},{\"type\":\"Container\",\"style\":\"accent\",\"items\":[{\"text\":\"Expiry date(new)\",\"type\":\"TextBlock\"},{\"type\":\"Input.Date\",\"id\":\"newDate15\"}]},{\"type\":\"Container\",\"style\":\"accent\",\"items\":[{\"text\":\"App secret(new)\",\"type\":\"TextBlock\"},{\"placeholder\":\"Placeholder text\",\"type\":\"Input.Text\",\"id\":\"appsecretID\"}]},{\"type\":\"ActionSet\",\"actions\":[{\"title\":\"Update\",\"type\":\"Action.Submit\",\"style\":\"positive\",\"id\":\"btnUpdate15\"}]}],\"-ms-tokens\":{}}","updateMessage":"Thank you for your action!","shouldUpdateCard":true}},"path":"/flowbot/actions/flowcontinuation/recipienttypes/channel/$subscriptions","queries":{"groupId":"f556b219-b08c-4366-823f-3b7ce0ab7a3a"},"authentication":"@parameters('$authentication')"}},"Update_item_3":{"runAfter":{"Post15":["Succeeded"]},"metadata":{"flowSystemMetadata":{"swaggerOperationId":"PatchItem"}},"type":"ApiConnection","inputs":{"host":{"connection":{"name":"@parameters('$connections')['shared_sharepointonline']['connectionId']"},"api":{"runtimeUrl":"https://india-001.azure-apim.net/apim/sharepointonline"}},"method":"patch","body":{"Title":"@items('Apply_to_each_2')?['Title']","AppSecret":"@{outputs('Post15')?['body/data/appSecretID']}","ExpiryDate":"@{formatDateTime(outputs('Post15')?['body/data/newDate15'])}"},"path":"/datasets/@{encodeURIComponent(encodeURIComponent('https://icapdemo.sharepoint.com/sites/AdminPortal'))}/tables/@{encodeURIComponent(encodeURIComponent('71e9c66d-5837-424f-bcda-39168200125b'))}/items/@{encodeURIComponent(items('Apply_to_each_2')?['ID'])}","authentication":"@parameters('$authentication')"}}},"runAfter":{"Compose":["Succeeded"]},"expression":{"equals":["@items('Apply_to_each_2')?['ExpiryDate']","@outputs('15days')"]},"type":"If"}},"runAfter":{"15days":["Succeeded"]},"type":"Foreach"}},"runAfter":{"Get_items":["Succeeded"]},"expression":{"equals":["@empty(body('Get_items')?['value'])","@false"]},"type":"If"}},"runAfter":{},"type":"Scope"},"Couldn't_send_a_reminder":{"runAfter":{"Scope_to_get_items":["Failed","TimedOut"]},"metadata":{"flowSystemMetadata":{"swaggerOperationId":"SendEmailNotification"}},"type":"ApiConnection","inputs":{"host":{"connection":{"name":"@parameters('$connections')['shared_flowpush']['connectionId']"},"api":{"runtimeUrl":"https://india-001.azure-apim.net/apim/flowpush"}},"method":"post","body":{"notificationSubject":"Sending reminder: Something failed","notificationBody":"Sending reminder: Something failed"},"path":"/sendEmailNotification","authentication":"@parameters('$authentication')"}}},"outputs":{},"description":"Remind me a number of days in advance of the date in the column"},"connectionReferences":{"shared_sharepointonline":{"connectionName":"shared-sharepointonl-29bd650c-261f-41ef-bcec-d16bc4366012","source":"Embedded","id":"/providers/Microsoft.PowerApps/apis/shared_sharepointonline","tier":"NotSpecified"},"shared_teams":{"connectionName":"shared-teams-5f23ccc3-a529-4b85-ab64-6dd157660fda","source":"Embedded","id":"/providers/Microsoft.PowerApps/apis/shared_teams","tier":"NotSpecified"},"shared_flowpush":{"connectionName":"shared-flowpush-ab94b3d2-cc1f-4f77-8fe3-471da45a40a0","source":"Embedded","id":"/providers/Microsoft.PowerApps/apis/shared_flowpush","tier":"NotSpecified"}},"flowFailureAlertSubscribed":false}}